{
  "mode": "eval",
  "metrics": {
    "full": {
      "psnr": 28.115191724565292,
      "ssim": 0.988702760802375,
      "mae": 0.025210191185275715
    },
    "no_sar": {
      "psnr": 11.5431233909395,
      "ssim": 0.7173509266641405,
      "mae": 0.20176629887686837
    },
    "no_cloudy": {
      "psnr": 8.13188393910726,
      "ssim": 3.666724862543763e-05,
      "mae": 0.2890622880723741
    }
  }
}